<?xml version="1.0" encoding="UTF-8"?>
<!-- IMPORTANT: This is an internal file that has been generated
     by the Xilinx ISE software.  Any direct editing or
     changes made to this file may result in unpredictable
     behavior or data corruption.  It is strongly advised that
     users do not edit the contents of this file. -->
<DeviceUsageSummary rev="7">
<DesignStatistics TimeStamp="Tue May 24 11:47:15 2016"><group name="NetStatistics">
<item name="NumNets_Active" rev="7">
<attrib name="value" value="405"/></item>
<item name="NumNets_Gnd" rev="7">
<attrib name="value" value="1"/></item>
<item name="NumNets_Vcc" rev="7">
<attrib name="value" value="1"/></item>
<item name="NumNodesOfType_Active_CLKPIN" rev="7">
<attrib name="value" value="119"/></item>
<item name="NumNodesOfType_Active_CNTRLPIN" rev="7">
<attrib name="value" value="96"/></item>
<item name="NumNodesOfType_Active_DOUBLE" rev="7">
<attrib name="value" value="967"/></item>
<item name="NumNodesOfType_Active_DUMMY" rev="7">
<attrib name="value" value="1186"/></item>
<item name="NumNodesOfType_Active_DUMMYESC" rev="7">
<attrib name="value" value="2"/></item>
<item name="NumNodesOfType_Active_GLOBAL" rev="7">
<attrib name="value" value="36"/></item>
<item name="NumNodesOfType_Active_HFULLHEX" rev="7">
<attrib name="value" value="6"/></item>
<item name="NumNodesOfType_Active_HLONG" rev="7">
<attrib name="value" value="2"/></item>
<item name="NumNodesOfType_Active_HUNIHEX" rev="7">
<attrib name="value" value="40"/></item>
<item name="NumNodesOfType_Active_INPUT" rev="7">
<attrib name="value" value="1323"/></item>
<item name="NumNodesOfType_Active_IOBOUTPUT" rev="7">
<attrib name="value" value="10"/></item>
<item name="NumNodesOfType_Active_OMUX" rev="7">
<attrib name="value" value="328"/></item>
<item name="NumNodesOfType_Active_OUTPUT" rev="7">
<attrib name="value" value="374"/></item>
<item name="NumNodesOfType_Active_PREBXBY" rev="7">
<attrib name="value" value="106"/></item>
<item name="NumNodesOfType_Active_VFULLHEX" rev="7">
<attrib name="value" value="34"/></item>
<item name="NumNodesOfType_Active_VLONG" rev="7">
<attrib name="value" value="7"/></item>
<item name="NumNodesOfType_Active_VUNIHEX" rev="7">
<attrib name="value" value="30"/></item>
<item name="NumNodesOfType_Gnd_DOUBLE" rev="7">
<attrib name="value" value="5"/></item>
<item name="NumNodesOfType_Gnd_INPUT" rev="7">
<attrib name="value" value="2"/></item>
<item name="NumNodesOfType_Gnd_OMUX" rev="7">
<attrib name="value" value="1"/></item>
<item name="NumNodesOfType_Gnd_OUTPUT" rev="7">
<attrib name="value" value="2"/></item>
<item name="NumNodesOfType_Gnd_PREBXBY" rev="7">
<attrib name="value" value="2"/></item>
<item name="NumNodesOfType_Vcc_CNTRLPIN" rev="7">
<attrib name="value" value="1"/></item>
<item name="NumNodesOfType_Vcc_DUMMY" rev="7">
<attrib name="value" value="128"/></item>
<item name="NumNodesOfType_Vcc_INPUT" rev="7">
<attrib name="value" value="128"/></item>
<item name="NumNodesOfType_Vcc_VCCOUT" rev="7">
<attrib name="value" value="40"/></item>
</group>
<group name="MiscellaneousStatistics">
<item name="AVG_LUT_FAN_IN" rev="6">
<attrib name="value" value="3.240000"/></item>
<item name="AVG_SIG_FANOUT" rev="6">
<attrib name="value" value="5.260000"/></item>
<item name="LUT" rev="6">
<attrib name="value" value="200"/></item>
<item name="MAX_SIG_FANOUT" rev="6">
<attrib name="value" value="68"/></item>
<item name="PK_NUM_4_INPUT_LUTS" rev="6">
<attrib name="value" value="200"/></item>
<item name="PK_NUM_4_INPUT_LUT_RTS" rev="6">
<attrib name="value" value="20"/></item>
<item name="PK_NUM_BONDED_IOBS" rev="6">
<attrib name="value" value="21"/></item>
<item name="PK_NUM_CYINIT" rev="6">
<attrib name="value" value="28"/></item>
<item name="PK_NUM_CYMUX" rev="6">
<attrib name="value" value="51"/></item>
<item name="PK_NUM_DP_RAMS" rev="6">
<attrib name="value" value="64"/></item>
<item name="PK_NUM_EQUIV_GATES" rev="6">
<attrib name="value" value="14"/></item>
<item name="PK_NUM_IOB_FFS" rev="6">
<attrib name="value" value="8"/></item>
<item name="PK_NUM_JTAG_GATES" rev="6">
<attrib name="value" value="21"/></item>
<item name="PK_NUM_LUTLESS_IOB_FFS" rev="6">
<attrib name="value" value="8"/></item>
<item name="PK_NUM_LUTLESS_SLICE_FFS" rev="6">
<attrib name="value" value="22"/></item>
<item name="PK_NUM_MULTANDS" rev="6">
<attrib name="value" value="13"/></item>
<item name="PK_NUM_MUXF5" rev="6">
<attrib name="value" value="6"/></item>
<item name="PK_NUM_MUXFS" rev="6">
<attrib name="value" value="6"/></item>
<item name="PK_NUM_RAM16S" rev="6">
<attrib name="value" value="32"/></item>
<item name="PK_NUM_SLICELS" rev="6">
<attrib name="value" value="115"/></item>
<item name="PK_NUM_SLICEMS" rev="6">
<attrib name="value" value="80"/></item>
<item name="PK_NUM_SLICES" rev="6">
<attrib name="value" value="195"/></item>
<item name="PK_NUM_SLICE_FFS" rev="6">
<attrib name="value" value="57"/></item>
<item name="PK_NUM_TOTAL_LUTLESS_REGISTERS" rev="6">
<attrib name="value" value="30"/></item>
<item name="PK_NUM_XBZ_GCLKS" rev="6">
<attrib name="value" value="1"/></item>
<item name="PK_NUM_XOR" rev="6">
<attrib name="value" value="52"/></item>
<item name="SINGLE_LOAD_SIG" rev="6">
<attrib name="value" value="67"/></item>
<item name="THREE_LOAD_SIG" rev="6">
<attrib name="value" value="19"/></item>
<item name="TWO_LOAD_SIG" rev="6">
<attrib name="value" value="94"/></item>
</group>
</DesignStatistics>
<DeviceUsage TimeStamp="Tue May 24 11:47:15 2016"><group name="SiteSummary">
<item name="BUFGMUX" rev="7">
<attrib name="total" value="1000000"/><attrib name="used" value="1"/></item>
<item name="BUFGMUX_GCLKMUX" rev="7">
<attrib name="total" value="1000000"/><attrib name="used" value="1"/></item>
<item name="BUFGMUX_GCLK_BUFFER" rev="7">
<attrib name="total" value="1000000"/><attrib name="used" value="1"/></item>
<item name="IOB" rev="7">
<attrib name="total" value="1000000"/><attrib name="used" value="21"/></item>
<item name="IOB_DELAY" rev="7">
<attrib name="total" value="1000000"/><attrib name="used" value="8"/></item>
<item name="IOB_IFF1" rev="7">
<attrib name="total" value="1000000"/><attrib name="used" value="8"/></item>
<item name="IOB_INBUF" rev="7">
<attrib name="total" value="1000000"/><attrib name="used" value="10"/></item>
<item name="IOB_OUTBUF" rev="7">
<attrib name="total" value="1000000"/><attrib name="used" value="11"/></item>
<item name="IOB_PAD" rev="7">
<attrib name="total" value="1000000"/><attrib name="used" value="21"/></item>
<item name="SLICEL" rev="7">
<attrib name="total" value="1000000"/><attrib name="used" value="115"/></item>
<item name="SLICEL_C1VDD" rev="7">
<attrib name="total" value="1000000"/><attrib name="used" value="2"/></item>
<item name="SLICEL_CYMUXF" rev="7">
<attrib name="total" value="1000000"/><attrib name="used" value="26"/></item>
<item name="SLICEL_CYMUXG" rev="7">
<attrib name="total" value="1000000"/><attrib name="used" value="25"/></item>
<item name="SLICEL_F" rev="7">
<attrib name="total" value="1000000"/><attrib name="used" value="111"/></item>
<item name="SLICEL_F5MUX" rev="7">
<attrib name="total" value="1000000"/><attrib name="used" value="6"/></item>
<item name="SLICEL_FAND" rev="7">
<attrib name="total" value="1000000"/><attrib name="used" value="6"/></item>
<item name="SLICEL_FFX" rev="7">
<attrib name="total" value="1000000"/><attrib name="used" value="28"/></item>
<item name="SLICEL_FFY" rev="7">
<attrib name="total" value="1000000"/><attrib name="used" value="29"/></item>
<item name="SLICEL_G" rev="7">
<attrib name="total" value="1000000"/><attrib name="used" value="109"/></item>
<item name="SLICEL_GAND" rev="7">
<attrib name="total" value="1000000"/><attrib name="used" value="7"/></item>
<item name="SLICEL_GNDF" rev="7">
<attrib name="total" value="1000000"/><attrib name="used" value="8"/></item>
<item name="SLICEL_GNDG" rev="7">
<attrib name="total" value="1000000"/><attrib name="used" value="10"/></item>
<item name="SLICEL_XORF" rev="7">
<attrib name="total" value="1000000"/><attrib name="used" value="26"/></item>
<item name="SLICEL_XORG" rev="7">
<attrib name="total" value="1000000"/><attrib name="used" value="26"/></item>
<item name="SLICEM" rev="7">
<attrib name="total" value="1000000"/><attrib name="used" value="80"/></item>
<item name="SLICEM_F" rev="7">
<attrib name="total" value="1000000"/><attrib name="used" value="80"/></item>
<item name="SLICEM_G" rev="7">
<attrib name="total" value="1000000"/><attrib name="used" value="80"/></item>
<item name="SLICEM_WSGEN" rev="7">
<attrib name="total" value="1000000"/><attrib name="used" value="80"/></item>
</group>
</DeviceUsage>
<ReportConfigData TimeStamp="Tue May 24 11:47:15 2016"><group name="SLICEM_F">
<item name="F_ATTR" rev="7">
<attrib name="DUAL_PORT" value="64"/></item>
<item name="LUT_OR_MEM" rev="7">
<attrib name="RAM" value="80"/></item>
</group>
<group name="SLICEM_G">
<item name="G_ATTR" rev="7">
<attrib name="DUAL_PORT" value="64"/></item>
<item name="LUT_OR_MEM" rev="7">
<attrib name="RAM" value="80"/></item>
</group>
<group name="BUFGMUX_GCLKMUX">
<item name="DISABLE_ATTR" rev="7">
<attrib name="LOW" value="1"/></item>
</group>
<group name="IOB_IFF1">
<item name="IFF1_INIT_ATTR" rev="7">
<attrib name="INIT0" value="8"/></item>
<item name="LATCH_OR_FF" rev="7">
<attrib name="FF" value="8"/></item>
</group>
<group name="SLICEL_FFX">
<item name="FFX_INIT_ATTR" rev="7">
<attrib name="INIT0" value="28"/></item>
<item name="FFX_SR_ATTR" rev="7">
<attrib name="SRLOW" value="28"/></item>
<item name="LATCH_OR_FF" rev="7">
<attrib name="FF" value="28"/></item>
<item name="SYNC_ATTR" rev="7">
<attrib name="ASYNC" value="28"/></item>
</group>
<group name="SLICEL_FFY">
<item name="FFY_INIT_ATTR" rev="7">
<attrib name="INIT0" value="29"/></item>
<item name="FFY_SR_ATTR" rev="7">
<attrib name="SRLOW" value="29"/></item>
<item name="LATCH_OR_FF" rev="7">
<attrib name="FF" value="29"/></item>
<item name="SYNC_ATTR" rev="7">
<attrib name="ASYNC" value="29"/></item>
</group>
<group name="IOB_PAD">
<item name="DRIVEATTRBOX" rev="7">
<attrib name="12" value="11"/></item>
<item name="IOATTRBOX" rev="7">
<attrib name="LVCMOS25" value="21"/></item>
<item name="SLEW" rev="7">
<attrib name="SLOW" value="11"/></item>
</group>
</ReportConfigData>
<ReportPinData TimeStamp="Tue May 24 11:47:15 2016"><group name="SLICEM_F">
<item name="A1" rev="7">
<attrib name="value" value="80"/></item>
<item name="A2" rev="7">
<attrib name="value" value="80"/></item>
<item name="A3" rev="7">
<attrib name="value" value="80"/></item>
<item name="A4" rev="7">
<attrib name="value" value="80"/></item>
<item name="D" rev="7">
<attrib name="value" value="80"/></item>
<item name="DI" rev="7">
<attrib name="value" value="80"/></item>
<item name="WF1" rev="7">
<attrib name="value" value="80"/></item>
<item name="WF2" rev="7">
<attrib name="value" value="80"/></item>
<item name="WF3" rev="7">
<attrib name="value" value="80"/></item>
<item name="WF4" rev="7">
<attrib name="value" value="80"/></item>
<item name="WS" rev="7">
<attrib name="value" value="80"/></item>
</group>
<group name="SLICEM_G">
<item name="A1" rev="7">
<attrib name="value" value="80"/></item>
<item name="A2" rev="7">
<attrib name="value" value="80"/></item>
<item name="A3" rev="7">
<attrib name="value" value="80"/></item>
<item name="A4" rev="7">
<attrib name="value" value="80"/></item>
<item name="D" rev="7">
<attrib name="value" value="16"/></item>
<item name="DI" rev="7">
<attrib name="value" value="80"/></item>
<item name="WG1" rev="7">
<attrib name="value" value="80"/></item>
<item name="WG2" rev="7">
<attrib name="value" value="80"/></item>
<item name="WG3" rev="7">
<attrib name="value" value="80"/></item>
<item name="WG4" rev="7">
<attrib name="value" value="80"/></item>
<item name="WS" rev="7">
<attrib name="value" value="80"/></item>
</group>
<group name="SLICEM_WSGEN">
<item name="CK" rev="7">
<attrib name="value" value="80"/></item>
<item name="WE" rev="7">
<attrib name="value" value="80"/></item>
<item name="WSF" rev="7">
<attrib name="value" value="80"/></item>
<item name="WSG" rev="7">
<attrib name="value" value="80"/></item>
</group>
<group name="SLICEL">
<item name="BX" rev="7">
<attrib name="value" value="9"/></item>
<item name="BY" rev="7">
<attrib name="value" value="3"/></item>
<item name="CE" rev="7">
<attrib name="value" value="16"/></item>
<item name="CIN" rev="7">
<attrib name="value" value="25"/></item>
<item name="CLK" rev="7">
<attrib name="value" value="31"/></item>
<item name="COUT" rev="7">
<attrib name="value" value="25"/></item>
<item name="F1" rev="7">
<attrib name="value" value="111"/></item>
<item name="F2" rev="7">
<attrib name="value" value="99"/></item>
<item name="F3" rev="7">
<attrib name="value" value="71"/></item>
<item name="F4" rev="7">
<attrib name="value" value="51"/></item>
<item name="G1" rev="7">
<attrib name="value" value="109"/></item>
<item name="G2" rev="7">
<attrib name="value" value="99"/></item>
<item name="G3" rev="7">
<attrib name="value" value="71"/></item>
<item name="G4" rev="7">
<attrib name="value" value="57"/></item>
<item name="X" rev="7">
<attrib name="value" value="101"/></item>
<item name="XQ" rev="7">
<attrib name="value" value="28"/></item>
<item name="Y" rev="7">
<attrib name="value" value="94"/></item>
<item name="YQ" rev="7">
<attrib name="value" value="29"/></item>
</group>
<group name="SLICEM">
<item name="BX" rev="7">
<attrib name="value" value="16"/></item>
<item name="BY" rev="7">
<attrib name="value" value="80"/></item>
<item name="CLK" rev="7">
<attrib name="value" value="80"/></item>
<item name="F1" rev="7">
<attrib name="value" value="80"/></item>
<item name="F2" rev="7">
<attrib name="value" value="80"/></item>
<item name="F3" rev="7">
<attrib name="value" value="80"/></item>
<item name="F4" rev="7">
<attrib name="value" value="80"/></item>
<item name="G1" rev="7">
<attrib name="value" value="80"/></item>
<item name="G2" rev="7">
<attrib name="value" value="80"/></item>
<item name="G3" rev="7">
<attrib name="value" value="80"/></item>
<item name="G4" rev="7">
<attrib name="value" value="80"/></item>
<item name="SR" rev="7">
<attrib name="value" value="80"/></item>
<item name="X" rev="7">
<attrib name="value" value="80"/></item>
<item name="Y" rev="7">
<attrib name="value" value="16"/></item>
</group>
<group name="IOB_OUTBUF">
<item name="IN" rev="7">
<attrib name="value" value="11"/></item>
<item name="OUT" rev="7">
<attrib name="value" value="11"/></item>
</group>
<group name="SLICEL_CYMUXF">
<item name="0" rev="7">
<attrib name="value" value="26"/></item>
<item name="1" rev="7">
<attrib name="value" value="26"/></item>
<item name="OUT" rev="7">
<attrib name="value" value="26"/></item>
<item name="S0" rev="7">
<attrib name="value" value="26"/></item>
</group>
<group name="SLICEL_CYMUXG">
<item name="0" rev="7">
<attrib name="value" value="25"/></item>
<item name="1" rev="7">
<attrib name="value" value="25"/></item>
<item name="OUT" rev="7">
<attrib name="value" value="25"/></item>
<item name="S0" rev="7">
<attrib name="value" value="25"/></item>
</group>
<group name="BUFGMUX_GCLKMUX">
<item name="I0" rev="7">
<attrib name="value" value="1"/></item>
<item name="OUT" rev="7">
<attrib name="value" value="1"/></item>
<item name="S" rev="7">
<attrib name="value" value="1"/></item>
</group>
<group name="SLICEL_C1VDD">
<item name="1" rev="7">
<attrib name="value" value="2"/></item>
</group>
<group name="IOB_IFF1">
<item name="CK" rev="7">
<attrib name="value" value="8"/></item>
<item name="D" rev="7">
<attrib name="value" value="8"/></item>
<item name="Q" rev="7">
<attrib name="value" value="8"/></item>
</group>
<group name="IOB_DELAY">
<item name="IN" rev="7">
<attrib name="value" value="8"/></item>
<item name="OUT" rev="7">
<attrib name="value" value="8"/></item>
</group>
<group name="IOB_INBUF">
<item name="IN" rev="7">
<attrib name="value" value="10"/></item>
<item name="OUT" rev="7">
<attrib name="value" value="10"/></item>
</group>
<group name="SLICEL_XORF">
<item name="0" rev="7">
<attrib name="value" value="26"/></item>
<item name="1" rev="7">
<attrib name="value" value="26"/></item>
<item name="O" rev="7">
<attrib name="value" value="26"/></item>
</group>
<group name="SLICEL_FFX">
<item name="CE" rev="7">
<attrib name="value" value="16"/></item>
<item name="CK" rev="7">
<attrib name="value" value="28"/></item>
<item name="D" rev="7">
<attrib name="value" value="28"/></item>
<item name="Q" rev="7">
<attrib name="value" value="28"/></item>
</group>
<group name="SLICEL_XORG">
<item name="0" rev="7">
<attrib name="value" value="26"/></item>
<item name="1" rev="7">
<attrib name="value" value="26"/></item>
<item name="O" rev="7">
<attrib name="value" value="26"/></item>
</group>
<group name="SLICEL_FFY">
<item name="CE" rev="7">
<attrib name="value" value="16"/></item>
<item name="CK" rev="7">
<attrib name="value" value="29"/></item>
<item name="D" rev="7">
<attrib name="value" value="29"/></item>
<item name="Q" rev="7">
<attrib name="value" value="29"/></item>
</group>
<group name="SLICEL_GAND">
<item name="0" rev="7">
<attrib name="value" value="7"/></item>
<item name="1" rev="7">
<attrib name="value" value="7"/></item>
<item name="O" rev="7">
<attrib name="value" value="7"/></item>
</group>
<group name="IOB_PAD">
<item name="PAD" rev="7">
<attrib name="value" value="21"/></item>
</group>
<group name="IOB">
<item name="I" rev="7">
<attrib name="value" value="2"/></item>
<item name="ICLK1" rev="7">
<attrib name="value" value="8"/></item>
<item name="IQ1" rev="7">
<attrib name="value" value="8"/></item>
<item name="O1" rev="7">
<attrib name="value" value="11"/></item>
<item name="PAD" rev="7">
<attrib name="value" value="21"/></item>
</group>
<group name="BUFGMUX">
<item name="I0" rev="7">
<attrib name="value" value="1"/></item>
<item name="O" rev="7">
<attrib name="value" value="1"/></item>
<item name="S" rev="7">
<attrib name="value" value="1"/></item>
</group>
<group name="SLICEL_FAND">
<item name="0" rev="7">
<attrib name="value" value="6"/></item>
<item name="1" rev="7">
<attrib name="value" value="6"/></item>
<item name="O" rev="7">
<attrib name="value" value="6"/></item>
</group>
<group name="BUFGMUX_GCLK_BUFFER">
<item name="IN" rev="7">
<attrib name="value" value="1"/></item>
<item name="OUT" rev="7">
<attrib name="value" value="1"/></item>
</group>
<group name="SLICEL_F5MUX">
<item name="F" rev="7">
<attrib name="value" value="6"/></item>
<item name="G" rev="7">
<attrib name="value" value="6"/></item>
<item name="OUT" rev="7">
<attrib name="value" value="6"/></item>
<item name="S0" rev="7">
<attrib name="value" value="6"/></item>
</group>
<group name="SLICEL_F">
<item name="A1" rev="7">
<attrib name="value" value="111"/></item>
<item name="A2" rev="7">
<attrib name="value" value="99"/></item>
<item name="A3" rev="7">
<attrib name="value" value="71"/></item>
<item name="A4" rev="7">
<attrib name="value" value="51"/></item>
<item name="D" rev="7">
<attrib name="value" value="111"/></item>
</group>
<group name="SLICEL_G">
<item name="A1" rev="7">
<attrib name="value" value="109"/></item>
<item name="A2" rev="7">
<attrib name="value" value="99"/></item>
<item name="A3" rev="7">
<attrib name="value" value="71"/></item>
<item name="A4" rev="7">
<attrib name="value" value="57"/></item>
<item name="D" rev="7">
<attrib name="value" value="109"/></item>
</group>
<group name="SLICEL_GNDF">
<item name="0" rev="7">
<attrib name="value" value="8"/></item>
</group>
<group name="SLICEL_GNDG">
<item name="0" rev="7">
<attrib name="value" value="10"/></item>
</group>
</ReportPinData>
<CmdHistory>
</CmdHistory>
</DeviceUsageSummary>
